,ID,Price
0,5634,15608.287208669673
1,16689,14453.175376892323
2,13457,13401.283536115734
3,4555,14553.65313162125
4,9726,14096.730722073771
5,10019,15702.104921312319
6,5859,7658.794068575502
7,11203,15122.06091466632
8,1586,13185.519552702477
9,7573,15602.943851294462
10,6809,15346.671105219604
11,9186,11685.456587039473
12,5168,12899.912186233109
13,11435,14662.710738891154
14,11567,14528.902848735801
15,14625,15461.320614421827
16,52,15553.40664236847
17,17386,14711.597976949866
18,9245,15450.966570640463
19,4127,8223.242178250206
20,16926,15539.913366241613
21,6802,13986.600961432094
22,6270,8894.067788407061
23,13339,10473.564445516342
24,2151,12975.861967685196
25,6579,17231.85347540122
26,7502,14347.205606452684
27,8485,15127.934281878945
28,14920,14826.362217229864
29,3897,13911.127470497056
30,15233,12268.809028875432
31,15762,13990.580019636764
32,14473,15822.9202434217
33,4102,14253.793559427533
34,1787,11040.519135644514
35,12386,12438.35098479157
36,12920,14476.352885896194
37,813,13602.210779558198
38,12985,13981.030963545796
39,17108,5082.842412816608
40,6583,13149.439755675805
41,5979,11611.464455292866
42,11897,15923.767701008517
43,6719,14074.789005085448
44,9193,14879.134395958681
45,14603,14749.24210191681
46,6760,12693.709371839359
47,5881,10890.633734248011
48,15392,16176.056434439684
49,5489,14075.715905176752
50,3020,13450.545912231639
51,15496,15286.791616610295
52,16724,13033.420063121113
53,6987,14335.555660355356
54,15270,14761.912580130956
55,347,12392.338860129908
56,1170,15177.07665286884
57,5494,14906.662400188536
58,14398,19512.8887488247
59,7399,20176.561215025053
60,13443,15409.210790304904
61,3608,15057.72447443704
62,6115,14888.48586518997
63,13532,14966.276145188254
64,4657,18920.193151793428
65,7882,14844.848128009646
66,661,15189.607975373758
67,12888,14903.120767417291
68,11816,19525.15638467607
69,6885,13464.841038129045
70,7310,18190.912562896905
71,14685,14572.645750090334
72,1837,11771.794288466408
73,34,12503.315075594772
74,875,13383.363591661138
75,13336,14823.043241451582
76,10674,12322.872427477356
77,9117,9849.805823098752
78,5370,13677.46506974654
79,195,12951.253238688427
80,8257,14334.746888164154
81,10629,15365.5144584105
82,13293,15519.313869031554
83,13782,10968.308290713947
84,8790,13318.51681321337
85,1380,10639.822555592007
86,3320,12398.573169780168
87,12701,13828.363382252093
88,13956,15461.004738140939
89,2963,13905.661846722141
90,1160,16351.581614692564
91,1532,15182.176011746342
92,16230,17539.643641073693
93,17130,12217.830881163885
94,2340,14977.47612176351
95,9848,15468.87600405814
96,3657,13165.711116349092
97,17787,14120.8263730584
98,939,13190.268825251711
99,5671,14146.042773745241
100,8976,14935.24001257516
101,3668,14957.421717138393
102,12400,16278.864643741093
103,1534,13939.331236973958
104,3072,15176.601587126162
105,8817,15804.187345804574
106,8426,14050.504703915518
107,2293,15694.076024304159
108,15144,16324.0820094683
109,8900,14113.529057557855
110,36,14962.986342222881
111,4814,17049.665123189843
112,9883,5910.465290273656
113,14056,14046.556948276193
114,16841,18827.433907631945
115,4640,11232.933030820568
116,12883,14102.172308353664
117,489,16302.302254469483
118,11320,13380.136926729552
119,2104,14894.45374502329
120,8023,15136.420176080574
121,14345,11421.443997332055
122,17867,15519.168935998547
123,7162,14856.680455346068
124,15831,15163.150301572532
125,13541,13521.246130858839
126,2233,9869.570031624695
127,11006,14187.815952508667
128,7004,10584.642622983316
129,1291,10437.809890768403
130,13053,15918.887963416186
131,4143,15930.61219516331
132,11619,12479.005513320415
133,6140,15033.275258136564
134,9108,13391.209569172512
135,11671,10627.478905613476
136,7935,14633.02813852708
137,13015,14528.528396224036
138,13960,14238.051938207165
139,12240,15436.171241548029
140,15423,11508.93265596572
141,7259,14861.79143133042
142,5506,14802.05289829716
143,13249,11055.806556122654
144,15520,14835.273706380554
145,6534,12140.324194218847
146,8384,12168.128762760403
147,4493,14536.828821772768
148,2022,13757.668735414118
149,3051,12425.105651795719
150,4526,10734.1806358233
151,11177,15036.482891990323
152,11319,12875.85358404668
153,17087,14751.057131231108
154,17448,15702.05548261266
155,6139,14218.343291406753
156,5351,14561.251532694427
157,5212,15496.256805577548
158,15958,15536.59276835111
159,17588,14595.847358454688
160,13955,15121.113507986694
161,844,14201.542191336819
162,16153,14048.418905193
163,8423,15260.54142357818
164,4344,14847.373375152936
165,7805,14881.038355771932
166,10706,15224.64504972662
167,10952,14830.210338003395
168,15403,14030.95742505131
169,15412,13280.63924948129
170,14185,13768.958136356538
171,628,17168.226303530828
172,2082,14340.962328023568
173,2001,14046.850446889744
174,9627,13697.182486649239
175,6714,13676.442090080978
176,17257,16989.38054104973
177,2297,14820.403086870327
178,10740,14229.79681808893
179,7295,12740.771262743132
180,2391,14824.122479874452
181,16725,13146.471447913777
182,16209,17111.89368753515
183,15891,13460.428576830294
184,8713,14047.064703876546
185,16453,12941.26090876582
186,3948,14746.148139135184
187,2927,12619.633328261276
188,12085,14005.403312793205
189,16197,14850.62056777197
190,15359,15252.827298251228
191,16215,15599.409311563548
192,16681,18961.264050135433
193,11494,16612.397505117537
194,11212,12347.823758266546
195,4338,17540.97294013464
196,1800,15259.048044802548
197,9934,15134.32002574626
198,5304,14459.61836343634
199,5245,13909.83643745909
200,165,12814.476180257829
201,8809,14736.390903689753
202,3070,14862.833306656277
203,10696,13541.200144474758
204,15841,12215.985511071078
205,17300,16972.404735574528
206,16491,17496.592950296617
207,769,17215.07677811943
208,7435,12646.875795880507
209,17975,13280.621492652106
210,1088,15234.87308562042
211,278,15651.236836160388
212,12276,13455.201708564462
213,4238,13235.608006988332
214,8,15231.83183318931
215,7336,11087.829324867067
216,11984,14577.363111759449
217,10965,13809.468137254196
218,9432,15068.244607661123
219,12312,12516.990301535901
220,14656,14135.962156036985
221,1068,15268.659387074527
222,9269,14039.00909959551
223,14781,8603.99196507706
224,5582,10367.722191926528
225,12555,11494.661705548118
226,16848,14024.731013311815
227,16389,15032.311797827351
228,1486,14026.001801362203
229,7236,16319.285745124711
230,9560,13977.00048834931
231,10304,11924.476467920904
232,9430,12193.599365186994
233,4728,11406.881498197487
234,14872,13712.874186176996
235,15946,8642.377465489888
236,8581,14110.348057143463
237,15222,14049.29668099097
238,1557,18572.10597637073
239,1256,11713.850846163361
240,4520,14342.335340039179
241,7240,13043.270525894826
242,16283,8635.470198087496
243,15926,15720.257188392861
244,4400,5468.306802235369
245,4251,14387.035205883207
246,11278,13680.835363065082
247,3261,14246.197306307193
248,13986,17280.54893198014
249,9347,17019.314248653085
250,4842,14443.844846616863
251,14484,15042.4189685561
252,8408,13456.241933272802
253,16131,15052.856154922294
254,7396,11510.924712808672
255,4550,12822.962084044455
256,7116,15820.083527931856
257,10488,19780.58234317352
258,16286,14034.632615755065
259,9605,10980.518224213156
260,11034,16188.857592050394
261,17643,12979.975516189108
262,14136,12029.714182167038
263,11903,16375.37125920046
264,8489,14790.795739926703
265,15350,15723.111388895733
266,13870,10929.535844007332
267,11218,13316.840779421385
268,15886,14287.390330846261
269,15650,13898.638832527431
270,7172,12877.577351412954
271,16644,15583.096126549615
272,12776,16379.42847441732
273,1960,18169.741224608413
274,6193,14076.810076978945
275,2154,15433.741140414568
276,6597,10524.220626327442
277,14036,13977.571633226253
278,5669,13792.090861706994
279,17557,16861.7993066004
280,13466,13212.586035449684
281,11120,10560.42838987858
282,1042,14421.08037372795
283,3612,12213.96625147271
284,13235,12910.32348154574
285,7733,16070.701371370204
286,6166,14248.745494269402
287,14113,15564.668216183592
288,32,10419.575372619918
289,13031,6885.6879255437525
290,397,16568.885779061748
291,7668,14470.959423765948
292,2486,10504.931642697411
293,2358,14409.366087082628
294,9841,12196.249148018294
295,11095,15842.087135759473
296,4175,14922.111247512206
297,8051,14192.696954477302
298,6399,12830.767657835313
299,15941,16244.543164224553
300,6923,6305.561287113975
301,16261,14174.569695572034
302,15276,13022.645330148356
303,17497,15201.992586141787
304,10518,14163.581070715984
305,9002,11952.591902167725
306,3744,13748.55008038273
307,17248,14586.789904147285
308,4756,11469.460994190871
309,1684,13965.265778425062
310,3203,6099.533380721696
311,3387,14937.668152882106
312,5444,17322.228957366926
313,10604,15327.149566569293
314,11533,15494.513563906381
315,15268,14109.892753566455
316,16258,14733.556698008717
317,7758,14962.043037002935
318,2381,14337.782337199329
319,16999,13493.591972893046
320,6072,12066.322513685605
321,15207,11631.692313307838
322,14990,13076.539926124373
323,13040,17519.031135104175
324,5473,9547.50035663879
325,248,11430.60861205023
326,16242,13747.152377961247
327,5799,14542.766260523713
328,11297,13190.685686526776
329,12952,16288.946457060534
330,3159,13632.364680919665
331,4892,16919.303172124943
332,15586,14979.625347920402
333,13250,12130.596109354767
334,14900,9459.132580915611
335,3524,15321.610300497137
336,8089,16547.06213722458
337,3448,17945.127697922755
338,6352,12403.56061101664
339,10407,12519.520435139028
340,8358,15036.571242443897
341,6372,13892.367381505828
342,3246,14821.398592665108
343,10690,14518.885508645224
344,16520,11998.96121411628
345,12683,12825.569770392656
346,8880,13643.895089019017
347,8322,13229.853096020568
348,10340,15076.521689486413
349,11418,14767.786170495368
350,17133,8707.605217255958
351,10241,12388.670050946705
352,10345,13571.072038792554
353,6322,14758.062861794519
354,14456,11034.188887492419
355,8194,7701.439944539277
356,3852,16889.09738420151
357,8001,16510.493657487837
358,5282,16119.12199311865
359,17189,14709.605988528696
360,5287,10489.846662320022
361,17439,8499.563063775699
362,1762,13994.15117183722
363,17135,11531.129592722893
364,14657,18143.69299076627
365,11280,12392.464855476544
366,9870,12507.360777149472
367,12792,12961.222148542307
368,2289,9893.367511573466
369,6931,12522.565829613042
370,10490,8925.043321269448
371,7128,19137.647215396093
372,3909,15291.40063106906
373,17872,13285.961511825415
374,4659,15085.434695287724
375,5492,18162.636823787994
376,3444,14527.659843356
377,1653,15634.62486219441
378,2536,16381.073581944147
379,16291,15523.66686445559
380,9845,15946.447133291513
381,5126,7901.245960064261
382,9297,13641.118273807588
383,12329,9881.847720091624
384,500,11146.352408641425
385,6151,14682.389088911179
386,12446,15896.44291466201
387,5850,13526.459841016389
388,207,14556.362466555336
389,1806,14660.600739032627
390,899,16612.951444766426
391,4793,16393.165848216784
392,5339,15495.849241933
393,341,11728.4288705184
394,17943,15753.540342966531
395,6927,18504.408489726266
396,12592,14668.738619312964
397,9399,13306.777423412757
398,12726,12283.565235814647
399,7283,14606.31130253691
400,8872,13702.528482040085
401,1644,13589.02151989896
402,5708,14233.980986309718
403,15771,14282.939425710269
404,614,14805.592978581379
405,2839,14360.70976447231
406,1900,14629.756673086347
407,12334,13371.169100637679
408,3473,12577.818063819446
409,1819,14794.731245979361
410,16891,14344.229699819422
411,11876,14424.702455554667
412,8376,14738.53168339406
413,13078,13550.283647835662
414,2121,18241.338041434763
415,10716,13411.392540396962
416,12804,12464.430886304268
417,13369,13040.566416828588
418,13883,14492.242997475289
419,12269,11327.155060827878
420,2012,8404.597040523251
421,12516,13214.018701793902
422,12374,16215.121607873298
423,14925,12983.173749840193
424,16624,12686.121989937397
425,9862,13370.014911457183
426,12100,15161.702553170282
427,5112,13802.559677659825
428,1779,13214.470030943572
429,9453,13727.87520127758
430,5916,12786.339069587135
431,16464,11210.715706179457
432,7028,13579.69046948402
433,14173,15079.54672173514
434,11856,12275.571296089562
435,16155,13085.63578027609
436,12308,14897.549926200038
437,9884,13477.523627680726
438,14346,17076.228052573497
439,17980,15483.386309498339
440,13377,15384.87010608158
441,13724,19641.259614505965
442,5899,14885.981411467394
443,11703,14461.271613417659
444,5760,12845.800751015166
445,4849,14594.819234092909
446,15518,13531.09090272931
447,13616,15251.223113456537
448,10375,15276.605727160626
449,16206,13183.55734522306
450,14123,17877.580041505877
451,17745,12375.137922527283
452,3579,14722.823802891027
453,16746,5714.835654195063
454,8487,10877.364463420206
455,15077,14688.88532805047
456,9252,15350.535457958642
457,4349,16071.843938793536
458,15188,14258.751712081357
459,16530,14538.466874722391
460,8501,16449.658163747517
461,12956,14197.198886360566
462,9377,16229.675904256306
463,7457,9127.561907676747
464,9982,10890.88415003536
465,11668,12915.417874067381
466,7634,14993.968328383475
467,15025,14519.984418261287
468,13808,12955.885115236917
469,12954,15768.939514650614
470,6640,15643.40151719733
471,16456,12524.882367876256
472,7029,14635.071483654101
473,16907,10480.865150795435
474,11084,14131.913844934432
475,8943,14163.941650848661
476,16485,12461.39086773558
477,7681,16151.96658496956
478,7507,14868.295322993115
479,13055,14650.158771002723
480,15000,16739.302663691982
481,11617,13535.915640821404
482,11495,14538.226289206505
483,367,14115.972160805788
484,6238,12168.784815525098
485,5103,19532.881055987862
486,13834,15098.3452437948
487,16336,14669.327224229346
488,11454,15518.856679998426
489,16008,15030.830510627595
490,9781,14241.183693283077
491,4988,13880.797116545844
492,2364,13116.186382072861
493,3761,14830.558517291473
494,3074,14248.34034768457
495,7134,13632.250414186143
496,7853,15940.94651070243
497,15896,14121.59792263122
498,5266,8438.671737072174
499,17949,15992.859413699392
500,5048,13024.222798360322
501,17183,13659.765724485333
502,9398,12722.818906648972
503,15032,12201.568888662296
504,8585,11837.419698717946
505,9203,14567.283151433905
506,15029,13805.128167357689
507,13556,15286.356099439698
508,14258,13709.161186336976
509,1830,14061.146573141421
510,16440,12274.196231450871
511,14661,7965.2899140977825
512,13188,13719.968034069912
513,2447,12239.28969679706
514,5656,14320.051912191222
515,17760,11953.35004963231
516,10755,10977.992851403556
517,11014,19409.54522744885
518,8492,16000.64859749368
519,4485,13601.198390828547
520,17990,15644.789446501905
521,8291,14964.663893420075
522,5286,16700.5596864924
523,8299,13187.116293372936
524,9268,14401.344910981803
525,15513,14771.126455919046
526,12945,15191.004503203018
527,17042,16048.004262372822
528,5070,14904.1283973065
529,5166,13306.93362543326
530,829,15119.568615403317
531,10611,14314.266866799517
532,5776,11896.071388390614
533,2317,14104.74916832798
534,3031,10852.406430044604
535,9891,13911.26802761051
536,16970,14597.571421302564
537,5199,11198.808587851046
538,7051,14389.68419132287
539,6826,10641.323432200428
540,16807,7220.201922899694
541,6854,12324.42212101724
542,3982,13531.533925790282
543,10459,13860.960357760487
544,17483,13962.96071711868
545,9693,15603.210298691047
546,11089,12160.280486988107
547,7187,11391.602592274692
548,3171,14743.081382714838
549,2779,17643.27856918078
550,10213,12236.183740186301
551,8612,12787.416690993516
552,15472,13978.2516079809
553,2989,14457.62229605703
554,15246,15731.513794575862
555,5615,15708.696741877691
556,17153,12841.798363572045
557,7440,12025.174168307072
558,6315,11868.37686060011
559,17209,14844.109372906896
560,3176,14771.12340679056
561,16762,15786.434287125769
562,4116,15069.743803113946
563,17551,11896.938417202226
564,9141,11024.648994697505
565,1727,13483.917914267717
566,7219,13061.119732201958
567,12198,17744.036207511992
568,14219,15360.979367771666
569,168,14309.155631792848
570,259,14481.902122737563
571,12049,15917.392249548444
572,2534,17356.70534182331
573,1631,15289.112819705231
574,13025,14811.210274409896
575,17281,12812.320309176226
576,9352,13050.35139482496
577,1067,13027.277107415895
578,12302,12882.989756829105
579,4527,15485.408317069407
580,14406,10681.71055857488
581,853,12791.0442600565
582,9818,15072.889606340206
583,14067,15159.22037938761
584,15112,14734.384161757189
585,11308,12966.201929654577
586,9683,16118.92217674489
587,6970,15047.292962615102
588,3460,15408.365087111204
589,11560,12519.058187289673
590,14071,14910.11962851019
591,4704,15225.720251947452
592,5113,13898.31145855508
593,16829,14732.661831493038
594,15334,13962.771242309303
595,16924,13014.716018327701
596,2917,13060.096920626558
597,4203,16354.485880799271
598,4068,12000.090880468677
599,8164,14293.15599755627
600,2985,15271.59795451221
601,12450,15126.240138687004
602,6358,13263.759527831542
603,9132,13788.239422266299
604,14885,13322.690954112579
605,15486,14586.981071284608
606,2577,17752.299090030938
607,7900,13185.346775680664
608,2609,15664.237134920535
609,17843,13903.292996816628
610,9837,14043.092792147145
611,8972,14077.911773883272
612,13736,15023.454880381163
613,13846,15554.536964523446
614,15718,14501.091730034648
615,5468,9725.653407288919
616,15776,10090.224899880428
617,4390,14125.497470139599
618,5624,14213.953822911368
619,17663,10696.378417631087
620,3736,14467.576667699235
621,14992,11319.993640420711
622,12546,17476.922688562263
623,9499,14823.861809159964
624,3544,10449.924568597227
625,11067,13872.860068927388
626,4019,12908.071506052875
627,12702,19652.94257061876
628,13582,15377.618737227269
629,13159,14060.964161727796
630,17566,15019.183537505465
631,1848,19998.93566730719
632,14826,13086.435822873507
633,4403,13331.99070269613
634,10795,11656.66320332799
635,4957,14012.309768755033
636,14205,12862.941190626429
637,13131,13589.135340831039
638,8921,16385.611922726355
639,14093,16406.920569983908
640,2108,13856.033907453762
641,2412,15700.084619628862
642,17929,14065.15826325334
643,14504,13007.992924261038
644,10436,12133.003898665731
645,10005,15616.565643749796
646,4762,12417.459198262979
647,1641,8217.90320247403
648,12709,15578.52657749907
649,8649,14619.178363104511
650,12033,12748.760738733225
651,13156,12223.075375326778
652,7607,13108.311521081618
653,14841,12138.770243226652
654,3037,16487.111287272142
655,2707,14348.512542373166
656,7491,14632.26464342633
657,11387,15820.174907427252
658,12992,14073.805629691837
659,1535,15368.349223161538
660,6308,13265.499020082207
661,4160,15155.603399788612
662,5848,15507.200632113047
663,6023,14122.796922036883
664,5565,10891.639128964627
665,12367,13622.50864619625
666,8461,15124.927971468627
667,15736,10131.701287399337
668,13155,17079.36499305992
669,84,12471.16260886901
670,5392,14699.732580566037
671,7076,15202.731270239514
672,13945,13502.424589400427
673,12870,14886.162480834682
674,1383,13135.331155603199
675,4209,13464.264442420594
676,10505,13872.556618369286
677,9179,14430.566316225551
678,4264,13978.108269988472
679,17318,15622.451233669213
680,2281,11806.32690941151
681,14574,14757.161983693863
682,12278,15130.45943819407
683,9012,16008.210325030479
684,16527,9863.659243150047
685,8147,15287.362921067106
686,17065,8288.277349554599
687,1989,11465.240920689743
688,13469,14735.42912063525
689,17019,12473.020288519358
690,17262,12251.086560827636
691,12416,17050.25510082647
692,1125,15454.763034971402
693,15290,11998.047158058136
694,7824,15712.116188772285
695,11322,13196.747170231203
696,2407,14996.352998239236
697,12494,12951.465170666328
698,12420,16189.615059934047
699,11811,13676.471151330508
700,4545,17361.970401330123
701,1722,14593.796289483871
702,7197,14085.078957513848
703,4949,12798.10892185352
704,16733,13742.082065579525
705,17818,16914.524297272103
706,8400,10513.34079757909
707,10116,14249.265674733266
708,293,11037.06226858277
709,11794,15469.470686071698
710,6778,16977.86503518255
711,16045,14590.188299805086
712,16095,17232.100285889173
713,5751,14474.11149183617
714,6921,14397.685529400289
715,14226,13293.121675476621
716,8338,14413.086770088063
717,17906,15062.48857021048
718,17849,14621.045248039169
719,3995,14394.471985650001
720,3955,15154.648345562455
721,7085,14712.764698922125
722,2850,15263.167544203985
723,15783,7960.533582602526
724,10715,8008.334728737231
725,4126,14792.812306928725
726,10419,12699.929915325527
727,11520,12427.40426132553
728,3445,14461.57362618229
729,14444,7734.423277580616
730,13395,13232.654260718962
731,14385,8962.214063674503
732,7120,16892.648978794678
733,8522,14418.694348865567
734,8352,14976.76020129786
735,7577,11770.512308156001
736,5944,11995.45528532521
737,6080,14618.649762989298
738,15146,11655.371106843813
739,17283,13401.559135739502
740,10376,13780.782932012386
741,2602,16890.05002734321
742,17500,10914.919488202053
743,9591,14751.634975123452
744,5144,10612.435549744812
745,10290,14259.257614148548
746,16673,11457.642328516726
747,9197,14290.309073053912
748,7060,14395.12005306255
749,1750,12893.094885303566
750,17175,12773.385456698
751,15214,15393.988316934046
752,3828,10693.000101343874
753,16940,14655.818565064867
754,8224,13649.346265358981
755,11429,14610.07112545638
756,5740,7552.6221093754575
757,11221,14404.94394813529
758,12183,14838.70230947413
759,14524,16511.685177218285
760,4101,14128.033844741207
761,7358,13413.70664797086
762,6165,15145.19575548169
763,2986,15505.608025312293
764,11576,17618.73866580338
765,2523,10083.033605760298
766,7804,19606.156424547313
767,13974,10346.80153308982
768,17574,13291.827782773194
769,3119,14087.039677659428
770,8037,15294.637412169366
771,2422,15634.336268457584
772,7934,13436.62536162918
773,6635,14415.53433784694
774,1979,13136.94060790629
775,9070,13459.157488264449
776,396,13370.540082900407
777,8114,13778.905718783411
778,1606,14532.675399276617
779,12924,13278.396321689259
780,6893,9342.980046619705
781,2665,13917.609920922943
782,4159,15478.510418685517
783,7928,11712.865782986584
784,16200,13060.791765992675
785,11825,14243.032269287243
786,13570,12751.665834625412
787,10172,14481.566583379026
788,16766,15503.087117538744
789,3077,13766.925099482367
790,9517,14340.389457442201
791,618,13744.588533655857
792,4500,14817.805257072207
793,2254,10800.038347250229
794,9448,12935.804455098973
795,5846,14483.2296480761
796,14116,17057.28620548846
797,10596,17347.061372302924
798,10064,10757.7913745736
799,15257,14149.301720731179
800,14888,14726.381102723826
801,9867,15835.760527920967
802,11720,13877.715608899525
803,7150,13168.423946134746
804,7669,15924.549614237068
805,17999,14650.09398535511
806,5688,12468.473435178254
807,15990,15363.617823544613
808,15846,13328.648884579146
809,2201,20480.520073478707
810,14602,11847.66012736941
811,1890,13611.90704284911
812,1648,9108.888196849788
813,8587,13322.08790671418
814,7497,14932.47431041296
815,17597,15517.862258297318
816,14845,18699.422428319507
817,9139,13424.13136059232
818,826,12437.19262155355
819,8440,6300.445420077711
820,3631,14259.011905960448
821,13999,15521.572426138999
822,9667,6143.5251840541605
823,15434,13611.91517344203
824,6442,11425.378791000185
825,16194,10084.110740353819
826,4431,13065.43647934588
827,2181,13975.86999506547
828,3682,16829.360015216458
829,11358,12533.040967102002
830,5190,14365.16391551825
831,14890,14885.566701810632
832,550,18308.246318461897
833,8494,12750.438137197649
834,16125,11148.97280490426
835,12841,13699.528918491415
836,5549,15165.954023971717
837,10927,12080.694841745688
838,7881,14917.678382349928
839,11677,14514.826176446528
840,10148,14155.240994638429
841,9559,14435.917109664675
842,11385,13004.949744809579
843,14778,12463.021166980892
844,15286,13381.347382664404
845,12377,13745.637077362
846,13421,8127.421133475451
847,17504,10556.296605193202
848,4278,11414.605106739167
849,12123,11862.255979669295
850,15436,12919.877311552424
851,1074,15052.340620087489
852,10816,11299.286438191179
853,14278,12090.068338505036
854,17461,15667.949892003628
855,17289,14111.62999208807
856,1625,13777.149995169719
857,16641,17160.906989589814
858,8413,15176.006430520429
859,10907,15506.54139733316
860,15739,14734.44328996529
861,5522,14049.09268233279
862,2746,16608.18976938758
863,5727,15009.881410592905
864,5180,8538.647076828522
865,7489,10166.796529100626
866,16,14688.469666086909
867,4070,13809.973833270982
868,3152,13211.229237632579
869,17304,10573.806621374912
870,16340,13397.668369553707
871,5767,13947.953787834049
872,12794,14508.624539438053
873,5014,14351.283553326008
874,2291,13788.755456872823
875,11743,12104.054578091367
876,11513,11036.770904745528
877,2521,18398.69596987292
878,8638,15333.609125359872
879,6961,17361.54456841931
880,5440,13357.645436409424
881,10088,14047.124654720421
882,13244,12525.255505361492
883,8508,8367.106578331353
884,6504,11832.544219814532
885,9552,13012.043289207184
886,3286,12350.300608380698
887,6722,10535.279959229418
888,5324,13499.150353306351
889,2943,13634.609776356665
890,10153,10107.990012882612
891,14433,12229.638661750796
892,16609,12988.236782805878
893,15117,13516.733982381236
894,8575,15434.467766939197
895,10291,11470.620671144075
896,12972,10044.820419872645
897,2949,8320.431068706763
898,7741,14913.371156895359
899,3581,15227.486256735414
900,16390,15659.806535987635
901,11374,14252.92976154844
902,15026,14996.377480478433
903,1827,13652.589839307228
904,4488,15021.561112263298
905,3808,14723.445558443535
906,3578,13833.853783583094
907,10312,12622.921849415638
908,11738,16651.776261508203
909,13862,14394.475303313884
910,8008,13835.201146190127
911,2747,15408.979513085476
912,15655,13173.744754981759
913,13963,15357.483095591655
914,9493,13559.49064483965
915,2596,13628.496299426362
916,17587,17805.785042910196
917,2309,13674.093168842446
918,8053,15225.073384683114
919,4003,15335.998154884888
920,11590,14342.143753777505
921,14683,12191.82890776555
922,1910,15592.378408067758
923,4016,13978.372463819847
924,7086,12170.3802223307
925,6147,12591.487678566176
926,16987,13662.093999870616
927,16223,12608.687973311156
928,3370,13331.534679312346
929,14143,12563.219280254489
930,12964,15223.856889906878
931,10834,14214.248745266203
932,1539,15167.68090271682
933,13880,15290.716127897264
934,11573,16815.25634175261
935,10517,16227.68350452953
936,10731,15199.907782817128
937,5826,13971.124508419234
938,2223,17074.378112528604
939,58,16282.89568677907
940,12222,14541.623586588335
941,953,12410.480142940272
942,7869,12960.665381512517
943,7619,14501.4349301966
944,6613,14598.68859011057
945,4675,12797.297487014774
946,13060,14381.148696478354
947,5990,17064.807305804046
948,10574,14660.096538486701
949,11456,14936.60190187722
950,16692,12831.708594745971
951,14238,11386.20044476213
952,6678,14073.47306606664
953,4098,14641.654565416655
954,381,16778.378141973328
955,14923,14664.356414427413
956,453,11039.360972254333
957,1594,14654.171886095966
958,3153,11210.292566061282
959,9440,15237.711883448836
960,3825,13523.395997116459
961,3319,12769.85696968263
962,11641,12606.219847705244
963,12728,16690.368360331107
964,521,16656.307812374638
965,838,17199.68689303509
966,13505,13769.584972897079
967,5363,15626.08175858736
968,12496,14672.673172964714
969,2595,10556.704806395283
970,4233,15444.230184691565
971,15517,19931.65011304611
972,2194,13593.921356014398
973,3193,15615.969540131526
974,10061,15424.962660445584
975,9506,14762.142038308855
976,9637,16080.103709794203
977,16798,11718.934100109589
978,15339,13318.262456051976
979,6392,14886.046520354808
980,13209,10927.876322158307
981,6693,15083.719828180576
982,8541,14651.059267981094
983,5507,14768.180902735345
984,13557,15422.94896351431
985,5564,15480.645120257483
986,8906,14851.663400000005
987,3182,15345.382932970242
988,3857,15149.135187698994
989,3644,14865.307157850679
990,6192,12414.64267483473
991,16035,15145.078499713287
992,7260,13860.95383045332
993,12503,12914.810056551898
994,7347,13379.665790637155
995,16268,16198.506712383154
996,16594,15656.188121728963
997,12341,15407.762741112383
998,7625,12842.95764849498
999,559,11677.20148707139
1000,17454,14214.514794920804
1001,1364,13958.473924358128
1002,10242,15506.551875460907
1003,2044,16266.467201148247
1004,12847,16852.330547052596
1005,90,19970.628471383272
1006,4047,15750.849180687292
1007,10670,12013.756013244332
1008,11770,14965.549981089003
1009,8988,13616.529942741283
1010,14341,14692.252943501167
1011,15181,11977.747907283803
1012,1232,12312.386403794575
1013,3495,13852.966477679758
1014,15478,13692.753847901899
1015,8739,14641.498811383251
1016,7338,5705.479154327186
1017,1333,14066.920452378356
1018,15587,11944.741695295103
1019,9485,11234.461796811942
1020,10199,11450.626008776133
1021,6601,12133.109183923705
1022,9676,15464.182873181635
1023,17234,14193.001224606327
1024,4776,21852.7274376368
1025,10623,12607.970468642961
1026,1347,13943.811750502646
1027,5026,14726.72860442556
1028,7852,8413.928684059618
1029,10955,14572.06576729173
1030,14389,13878.030263409353
1031,6811,16348.778191616555
1032,13649,11538.999304127254
1033,17459,16051.810076338705
1034,6403,14183.44592643113
1035,12432,16380.25864077732
1036,7946,15504.560119110582
1037,531,12120.107310906504
1038,6331,15251.310229844923
1039,10070,13157.623494813146
1040,5910,14286.511776393949
1041,8572,14575.41329050374
1042,10456,12533.32642377507
1043,2205,14801.360228772595
1044,10709,13020.887928609576
1045,15559,15493.874321650015
1046,8491,14807.245984341556
1047,10810,16507.07825941815
1048,15683,13167.15737103035
1049,4548,11973.545781385386
1050,11584,15274.530389866399
1051,9763,13058.963314630688
1052,5079,17111.63671887228
1053,17080,15638.883721807928
1054,6512,8422.305046614492
1055,4624,9443.408492433111
1056,8735,14934.795030253634
1057,12540,16099.226050040073
1058,8383,13501.21125455483
1059,110,10719.492500055916
1060,5345,10885.210342869803
1061,3832,15572.021527028686
1062,5272,13912.943743052965
1063,6946,13910.307980885642
1064,12965,15057.959099225001
1065,16541,11736.158497035067
1066,1196,16370.252936083212
1067,15127,18408.668330890912
1068,7569,15270.183482754175
1069,14842,16350.94996313253
1070,4618,15604.594263521663
1071,14684,11798.822315780519
1072,12597,12142.498375488722
1073,10470,11143.56877969284
1074,12224,10936.334041899288
1075,6793,15554.874030773019
1076,7155,15062.959168593268
1077,12188,14820.388071258349
1078,3924,14363.616928809803
1079,17724,7174.041370528474
1080,16971,14656.441048861685
1081,16438,14037.815059570057
1082,5608,18442.044362943925
1083,15192,10819.571335926841
1084,5713,11505.664786180248
1085,14106,14134.307125299907
1086,10244,15138.378734353595
1087,9804,12721.727477421708
1088,6920,12884.775229643521
1089,9875,13488.861528356487
1090,5095,12583.686110689945
1091,2360,16470.912143878042
1092,5071,13773.336888908147
1093,4217,14312.82962609468
1094,9417,12064.93429799033
1095,10355,15278.071505577987
1096,3238,17142.973398467526
1097,8841,15035.585090977736
1098,17672,13959.90206800749
1099,16993,11803.239366805326
1100,16287,17096.03251057658
1101,15686,14297.505741156681
1102,2132,13389.620476031763
1103,16454,14003.560816549449
1104,6727,13253.889724750246
1105,16618,13852.168333038571
1106,15438,11750.236991608166
1107,3374,13671.494226104958
1108,6255,13726.111825067448
1109,2076,12073.905432926127
1110,16056,18214.611717449414
1111,2531,13006.377709239663
1112,12095,13024.807763036457
1113,15461,16574.60953326177
1114,4791,10885.347351512828
1115,13075,12957.647217661084
1116,2266,15071.734403132286
1117,8191,13758.735766326252
1118,14451,15316.661220868045
1119,2077,14129.16467237081
1120,9593,15383.584790824476
1121,16789,15114.414772613221
1122,91,14452.736225461296
1123,7471,14823.190920051391
1124,7344,8797.23436552925
1125,3356,13420.70341779558
1126,12855,11689.798754331961
1127,13547,10289.99587737897
1128,1514,13755.494658361567
1129,13654,9058.77612084159
1130,7023,15482.042209897132
1131,16392,12262.08360202986
1132,9045,12676.682138662101
1133,13530,14459.322890137497
1134,17966,12329.58922992133
1135,9113,13305.850565814122
1136,16422,15226.416410290127
1137,8078,9748.660903296317
1138,7063,15332.979973980473
1139,14420,14448.191776674837
1140,17399,8684.83744493124
1141,12805,14902.331351432396
1142,13794,15180.986196798374
1143,8269,14341.403844458633
1144,189,14247.138659612348
1145,9871,8638.79861829977
1146,5496,16158.967220579652
1147,5160,15278.326548806872
1148,9218,10821.432752915163
1149,16136,14461.480776003009
1150,17064,15883.317218188226
1151,9661,14659.021289699798
1152,4393,10083.206754120198
1153,16705,15206.954638322102
1154,5611,15342.679380651505
1155,4826,12250.03354020504
1156,11678,14684.804977309293
1157,12757,15833.208568843984
1158,9950,10939.946553524976
1159,7492,14226.985677556193
1160,1236,16189.132237655533
1161,3009,12001.842627589605
1162,6045,13233.129151371235
1163,13487,15458.550519513024
1164,9996,20521.281223228827
1165,9790,18464.108362403465
1166,8074,17286.351582966425
1167,6079,13836.51768292558
1168,6019,14604.77600045783
1169,13062,14649.292291114121
1170,5968,14727.782486715703
1171,12566,12924.140587987713
1172,5883,14837.877214391978
1173,13130,12580.57589613639
1174,14707,12839.973222578628
1175,3785,10809.629142638252
1176,9522,17787.189193068378
1177,5554,12691.021662735337
1178,8307,12618.566846538612
1179,7478,14952.33455711232
1180,2477,12916.218991019137
1181,1917,15262.521484904268
1182,2413,17932.810547193003
1183,13749,11261.801612813462
1184,4299,15263.567073940503
1185,11057,16195.609276076037
1186,16763,12288.755999420784
1187,1089,12085.439387635284
1188,13010,14173.459695602724
1189,7603,14724.345919895248
1190,3054,14653.486319397562
1191,4321,14888.476249005485
1192,12333,16876.365703108764
1193,3776,9949.077399001064
1194,4775,7861.304448840441
1195,14611,13341.992477159656
1196,12542,15255.37171449521
1197,8470,16105.620811523186
1198,8786,13130.296470028596
1199,12431,12725.21144408593
1200,7461,9885.253399557318
1201,13133,10718.7215000867
1202,15967,12508.36797112634
1203,15989,16066.802691427903
1204,1202,13173.207759800556
1205,6574,11818.234994669416
1206,7942,12924.754131466383
1207,15693,16717.475591136666
1208,12288,8574.210514945647
1209,9729,13975.43208787922
1210,16898,15936.030793621278
1211,5629,13892.262360626628
1212,4621,16392.341101804283
1213,4899,14444.869772659556
1214,13871,14725.89137277285
1215,8140,14895.484653697276
1216,6578,14385.05382162839
1217,13499,12677.423067859389
1218,2710,13717.497950177582
1219,14320,14500.71283811811
1220,4983,13943.926958181692
1221,1075,16334.816118024522
1222,14157,11797.129923095912
1223,17438,10578.809199376366
1224,13349,12106.34266779681
1225,1461,15079.685232914402
1226,7960,15466.500182595264
1227,10640,13602.817548200459
1228,11004,12902.719397202454
1229,11721,14784.582097441918
1230,16691,13089.635718220161
1231,2848,14992.683619952833
1232,12974,15670.533485024978
1233,13997,12583.132733961189
1234,7263,14775.902363169007
1235,15066,11094.806195333847
1236,8355,16292.948972678336
1237,10934,14955.555329652852
1238,5096,15573.57108494232
1239,1243,9265.920523082954
1240,4598,12428.1677515693
1241,7289,13928.696761210434
1242,2992,15358.035419506225
1243,3165,10669.399450719997
1244,11893,14392.187469521858
1245,8333,12922.24743524268
1246,17676,10922.510324386836
1247,7278,15786.675393633981
1248,17474,14603.18557032771
1249,7066,14311.526856174358
1250,12917,15202.690253292938
1251,13050,8857.175537205927
1252,9325,12963.430339726096
1253,17548,12457.353720241881
1254,1851,16200.86542388171
1255,12849,15343.783709063995
1256,6053,19984.827768318908
1257,7337,14125.11509990097
1258,16711,15283.44701239036
1259,4314,13633.306063177995
1260,864,13938.478900841685
1261,17191,14455.500829654833
1262,9137,16423.430060042156
1263,9383,14771.184390366165
1264,17468,14989.822866230737
1265,15824,12501.403139012255
1266,13543,14706.631735717907
1267,3938,13934.288550248923
1268,9857,13881.208330414112
1269,4401,11224.25566595314
1270,6047,14090.918020790778
1271,12858,13324.076607637908
1272,4307,13312.031177839352
1273,9379,14871.430304637877
1274,10948,10771.226716233898
1275,13479,17431.89970720079
1276,6034,14986.174181603317
1277,8086,13451.485952267729
1278,2760,14241.611133957907
1279,12717,13808.848327598069
1280,13793,15767.853486638429
1281,4145,13677.392510475722
1282,15389,14425.947929693779
1283,8317,15225.728422490341
1284,10557,12724.604476952372
1285,8828,16825.453588854987
1286,4801,14408.991040980341
1287,12156,13458.585722559394
1288,16270,15877.537056953137
1289,5686,14354.769299982567
1290,4656,14243.17441387834
1291,14733,17603.88624797357
1292,11535,12550.101546550926
1293,4712,15477.194324933356
1294,10229,10958.916666143952
1295,17056,10836.115248182963
1296,13014,13412.305865842965
1297,6292,13111.55305208126
1298,11669,14237.358398309894
1299,10463,14965.087517443957
1300,9078,16039.81573681788
1301,2635,15192.28625086318
1302,8689,14727.195187813471
1303,14466,13428.544872946237
1304,4021,6341.775641368775
1305,17335,15315.203360242114
1306,1692,11750.606484963428
1307,14747,8959.95356334612
1308,12809,14202.960677805124
1309,15584,15346.877943985673
1310,16277,15723.488674962631
1311,8106,14492.994258027276
1312,4152,14608.054612298714
1313,16250,12261.843061532854
1314,9032,16622.8252225872
1315,1221,19207.763471781247
1316,5346,16716.565757183038
1317,6943,13595.12347486295
1318,6209,9594.97055185301
1319,16012,15808.753365642726
1320,12994,12916.087259856562
1321,14490,14052.4072628609
1322,3637,21000.496438166912
1323,9187,13665.774470888718
1324,1311,15506.498099083736
1325,508,14064.910375204505
1326,8656,13908.808566850435
1327,5187,14725.678023481756
1328,17968,14379.154356140498
1329,12782,15647.730387938107
1330,5308,15098.335699520132
1331,15672,14341.459534923095
1332,11282,14035.115823146582
1333,17758,14448.814153946732
1334,2501,14744.278499450535
1335,1181,16295.365494562036
1336,14308,13981.717592505389
1337,17324,13171.87908558728
1338,12723,10906.841966709588
1339,5841,13927.133751124653
1340,17137,12249.708335692892
1341,1998,11484.081873692237
1342,9310,12865.331430836814
1343,966,13406.266509505396
1344,527,17402.3340561425
1345,13718,14702.020977947468
1346,15660,12076.60721805469
1347,14279,14662.75202844078
1348,17507,10673.791476077982
1349,2987,18553.310404284406
1350,14035,13489.494323218678
1351,9609,12981.007736900312
1352,4805,13718.037084068725
1353,2667,12431.372153381322
1354,7864,16173.804699996865
1355,5768,18193.05199175967
1356,12982,14788.982535370858
1357,2102,12623.018982024965
1358,7553,18569.799768239332
1359,16606,13257.481528818418
1360,17732,14929.529743261606
1361,12541,14769.100574429322
1362,16915,11680.43212119065
1363,9446,12451.907266810857
1364,15183,13474.503613645022
1365,16679,12605.818941002028
1366,5141,14363.312610861773
1367,12145,12164.134363374586
1368,15688,15044.041086567871
1369,11634,13190.02739622227
1370,12584,15620.871613643467
1371,6554,13946.802633301471
1372,13936,14884.10582363086
1373,2401,16424.111434643957
1374,17416,12814.706977721871
1375,11751,13651.433151901074
1376,6976,12498.60435245256
1377,6664,11127.502169929227
1378,10593,12694.877408471977
1379,2876,16318.909858820392
1380,9885,13027.95155764505
1381,2155,15009.380424960764
1382,15558,11208.925576597045
1383,10084,13991.658792861155
1384,4658,15106.19792864057
1385,2484,14495.213122976595
1386,9673,12791.934154579518
1387,4288,15357.399170737073
1388,2298,13501.853799716264
1389,12402,13224.783672634585
1390,2529,15107.451314249047
1391,5002,14576.088660738431
1392,504,10540.064195815823
1393,4930,17423.76144779309
1394,16532,13202.314938385025
1395,8717,15109.967676187967
1396,11986,14068.221059475298
1397,14667,13262.741650777432
1398,8276,12464.174138526563
1399,342,9917.38793815572
1400,4407,15711.866641124827
1401,1224,14506.853018697715
1402,9712,17723.21378587994
1403,10693,13681.209546914251
1404,717,14018.821877910188
1405,2093,11549.83999385564
1406,3292,15351.414522101055
1407,5983,18956.139220072073
1408,3942,9745.198203360109
1409,16730,13234.478847413178
1410,17753,14986.786264000679
1411,1965,14948.175099084401
1412,16265,20170.765648747518
1413,2761,16230.725397594302
1414,7521,12599.32931426527
1415,4918,12913.959922771843
1416,13000,12755.009656899594
1417,9470,19023.841367752582
1418,3751,14586.789904147285
1419,17373,14768.681481634863
1420,4509,15554.681944555952
1421,13306,13895.71220983965
1422,15371,14261.691885396649
1423,11300,12469.780965790647
1424,149,14499.356861897264
1425,175,16200.616638392225
1426,14149,12740.86569909344
1427,9142,15192.876534226612
1428,17552,13243.433162317611
1429,15746,12462.450169338495
1430,17487,13025.288829079771
1431,3801,11088.94637619036
1432,16978,18107.456759582594
1433,8835,12572.202541703111
1434,2634,12427.912429027492
1435,10107,15097.672551037555
1436,3199,15363.841179650277
1437,3194,14886.876228347712
1438,6978,12468.866038475753
1439,11865,16472.014044774623
1440,15198,11629.624673376937
1441,5173,15434.376090623744
1442,15419,15383.38214683396
1443,12691,11996.814528859148
1444,2981,14595.201757205563
1445,2732,16356.593100017024
1446,10974,13394.166218422586
1447,12012,13738.639204757055
1448,1384,14616.207210624169
1449,9102,13054.98788131142
1450,8684,13485.722739603327
1451,3343,13449.761717087618
1452,17282,13432.879781093841
1453,6656,9696.555403908482
1454,5815,15411.092875599803
1455,6176,12581.091133026057
1456,12294,13217.677642735725
1457,7077,15453.692462898747
1458,17934,13950.106441255615
1459,24,10928.729926258646
1460,7738,17393.921816286063
1461,11017,12887.619274306227
1462,12656,9613.022219837309
1463,2658,16480.239211279375
1464,10840,12463.687004436564
1465,3811,10169.856674988783
1466,12090,13032.430815931584
1467,3048,14497.068474690604
1468,3267,14013.921069500648
1469,17107,14929.737154692644
1470,7070,16353.850276975223
1471,12115,14406.870872509986
1472,9685,15012.53689667683
1473,6353,14009.498650467154
1474,14668,10448.2820107624
1475,921,14065.035871681917
1476,1371,15633.784795091298
1477,16252,14583.343907007467
1478,5817,11320.575357820519
1479,16279,10945.650058281666
1480,7751,14984.940633712526
1481,2474,16480.39830988017
1482,5161,10729.830954433331
1483,128,13592.747402590656
1484,8691,14777.132082304714
1485,7802,10181.97568685023
1486,9279,14554.783729756702
1487,11829,14113.265786770062
1488,15939,14554.780469221005
1489,4920,9464.06324357116
1490,8430,7645.193305788736
1491,7839,15669.923077775806
1492,11026,12372.905970913402
1493,3257,13878.921256748145
1494,17043,14454.867047042178
1495,3282,16559.51065898835
1496,1679,14018.690964435125
1497,581,14466.440429611728
1498,8071,15790.313787629639
1499,6233,14641.964511497805
1500,4141,16244.635873801875
1501,10910,14641.673309096092
1502,13764,16507.367665991624
1503,1365,16531.67368794125
1504,2085,13434.240396883994
1505,13759,13815.994373949681
1506,7331,13832.829213196805
1507,2307,14811.267500810878
1508,7606,14491.827694065403
1509,9788,13473.173934953942
1510,11411,12099.971379178503
1511,11419,11604.54422466224
1512,5798,15536.493616387015
1513,9178,13217.702437230488
1514,6279,11121.848880988764
1515,8417,17447.061315223415
1516,15139,15083.95013923342
1517,2792,14455.988403637355
1518,16100,13740.32138942463
1519,1214,13743.16780050646
1520,16238,16385.577076496163
1521,7987,14788.982535370858
1522,13951,14772.36977418208
1523,9902,14339.906615329368
1524,11232,12484.661198585964
1525,15937,14590.791281759753
1526,2376,11965.051555282203
1527,13563,14109.375055963552
1528,5232,13812.377180021082
1529,9164,13413.436283684146
1530,7974,10770.214576420112
1531,17170,13089.462857659324
1532,8912,14173.205955125217
1533,16629,14410.917955622848
1534,16023,15712.438425561122
1535,14915,15476.91969568898
1536,16666,15591.930765153258
1537,17101,13632.867631407775
1538,6190,14814.84839049881
1539,4771,14192.104084250022
1540,6502,15057.621403156358
1541,8926,14505.813341910238
1542,17954,13976.048177850796
1543,9771,14978.404549411644
1544,4291,19380.196837493306
1545,2603,15748.542839317117
1546,13572,12559.095423553532
1547,13735,10386.442951648976
1548,7583,14592.909564252346
1549,17415,16950.857683220413
1550,15758,12639.840271089997
1551,11024,13129.92388042371
1552,12326,16146.62352806551
1553,4435,13748.207394094512
1554,10879,14991.857738733626
1555,11305,12962.88762318273
1556,17598,12649.116829055827
1557,11087,10379.619615271149
1558,9134,15009.619218430846
1559,4832,9853.709795287243
1560,10580,12803.825427453834
1561,11675,16257.624051196093
1562,13263,19366.400471585337
1563,15743,13786.3351225566
1564,16132,12663.253594800422
1565,12426,15658.787947256656
1566,9941,12672.832478678043
1567,12506,16074.414441578469
1568,7891,9680.95900333357
1569,11800,17599.579634836584
1570,6936,13800.3604158378
1571,7206,11791.321493294628
1572,17222,12954.026497723651
1573,7322,9552.961869188672
1574,9136,18101.474557916707
1575,11364,13883.450305737657
1576,8232,14127.694881181262
1577,10371,14006.032549797543
1578,15227,12061.370089698103
1579,13599,14582.590996221741
1580,236,13345.87031986429
1581,385,13560.657134058041
1582,11626,14077.051904065054
1583,15912,13620.56875980187
1584,8482,13678.373390847657
1585,7434,12299.16567321922
1586,5083,13717.012558277449
1587,9222,14547.06224988596
1588,13575,10382.605901024814
1589,3497,13630.79402795875
1590,8628,14750.560007764172
1591,5588,15583.50321319887
1592,6706,13566.792706760432
1593,17106,15349.897165722505
1594,7437,14028.705921251007
1595,16722,14598.469817571502
1596,9764,12253.39129448637
1597,3201,15364.812651758519
1598,1581,13168.880687979618
1599,12292,14316.075990231519
1600,9387,12956.03235340178
1601,1956,13714.091946202927
1602,10365,14993.906766231157
1603,10493,12305.429605610334
1604,12045,14798.03502234738
1605,12003,15443.051871611693
1606,9260,15147.330173605704
1607,3274,13908.024936163536
1608,6377,14132.918603620754
1609,17722,16487.858720147895
1610,12028,14698.464604419656
1611,10966,14298.82912197159
1612,3960,16480.915178703784
1613,2744,17475.192198321456
1614,574,14256.433026804109
1615,14556,15469.06199046316
1616,3306,14909.108631746378
1617,1457,15418.954904223589
1618,12959,15505.562771150755
1619,4425,13240.904186593674
1620,9019,12673.081287620415
1621,2263,3991.6528729697166
1622,10358,13195.644668681314
1623,15164,14056.579249000133
1624,11714,13920.822284661044
1625,10750,10400.062886436877
1626,9948,17855.58749632584
1627,16488,12095.102894376003
1628,8087,14572.274365772479
1629,9014,13923.632598112948
1630,13267,14933.528892596252
1631,13589,13589.88961269411
1632,18016,12157.974282790456
1633,9129,15150.016628850237
1634,7545,14179.270446216324
1635,7139,11722.663334011406
1636,6685,14374.68656881868
1637,12596,14413.387441105195
1638,4695,14011.629680439975
1639,15220,10624.998424211532
1640,8889,13524.892818146764
1641,5194,14657.64266007593
1642,7504,10929.020240251368
1643,6362,13665.222227875609
1644,5793,15227.445111148903
1645,8196,15706.813563598742
1646,7053,13701.077845031192
1647,5122,13103.567080304361
1648,4270,14435.630606895153
1649,725,15249.884543374486
1650,16145,13167.230748644972
1651,14178,16091.487142568978
1652,3979,8982.218688840265
1653,7423,14035.761451275568
1654,10432,15446.389000936222
1655,6979,15830.37516138755
1656,15289,11665.995217285206
1657,13916,15826.421241138203
1658,5379,12961.26672905832
1659,17861,11895.9654202292
1660,3044,15518.027097491155
1661,3452,15621.73158554874
1662,1907,13893.369506402116
1663,12822,14197.20579502231
1664,13923,16448.235078994097
1665,8363,9495.894642036044
1666,5771,12483.789111755774
1667,13022,14995.58056715352
1668,3342,12294.55407885206
1669,9109,14543.009650640088
1670,11571,13286.11730155081
1671,1922,14736.893561991616
1672,5407,15868.62649622174
1673,11890,15021.178964947656
1674,1357,16393.4561137219
1675,9200,13264.990509501062
1676,7571,11579.296580761016
1677,5891,15655.128262175669
1678,15945,14545.862447697218
1679,2903,16820.947927765126
1680,3600,15338.590183619992
1681,12410,14153.632862203987
1682,4754,15603.997292546686
1683,830,13587.40084478943
1684,16728,14422.200769809453
1685,15082,12208.027041894471
1686,13495,15582.708796703053
1687,14940,13745.565640312954
1688,380,14938.85245497794
1689,3651,11690.328822693991
1690,17898,11413.968294525039
1691,14085,13179.261477876556
1692,2691,12727.5687693988
1693,3764,12930.882281078273
1694,2841,13013.017344035383
1695,15813,14720.892541536465
1696,16214,13055.542498921655
1697,255,16452.351706163987
1698,15882,15174.933126198986
1699,1481,12040.91491359743
1700,6652,17188.391064326846
1701,7796,16954.2591537392
1702,7237,16274.855014394503
1703,3511,12381.997242538913
1704,3823,14871.3986009059
1705,4337,10333.439107548184
1706,736,13786.342880745753
1707,2092,12005.59006470596
1708,6289,13348.081368690837
1709,14191,17364.8540653049
1710,5244,13083.109222679472
1711,16118,11992.801234285304
1712,2086,11053.128529465073
1713,6355,14402.287956858723
1714,620,16248.311339987878
1715,16583,14447.031600969174
1716,7643,15475.88259576264
1717,15798,14959.490822587977
1718,6659,13345.73041564296
1719,10758,13928.058059538482
1720,4721,7607.738728109442
1721,438,14266.37398484777
1722,15467,12618.71460051916
1723,1110,10486.398141890386
1724,17967,14479.80987372584
1725,10824,13624.645624031691
1726,13048,14192.490152225975
1727,16600,12205.184892211822
1728,5233,14266.153246300877
1729,3421,15191.45723104215
1730,1676,14539.464797072986
1731,5066,12572.172092393113
1732,6500,13806.320158091854
1733,11849,16892.228671213496
1734,2396,10556.632265668464
1735,7623,15045.88743825411
1736,13691,11873.05340311017
1737,16654,20020.34827605216
1738,1483,14969.801758685266
1739,780,14719.93201892612
1740,14502,15820.264303454998
1741,4562,12807.428862395216
1742,6380,13611.692210537498
1743,13005,11665.175523706042
1744,3975,11842.549346717627
1745,17888,12393.843273714927
1746,14947,14472.707192502887
1747,9282,13860.295147895275
1748,9239,14144.886487330223
1749,13734,9761.810458617576
1750,5276,13702.987342737135
1751,8897,11229.87028498431
1752,17626,15018.806259746867
1753,12500,15494.675696465405
1754,5091,19018.72279825821
1755,10046,13376.658019398747
1756,15635,14067.325901670964
1757,314,13671.606922422885
1758,8602,13689.788676846627
1759,8165,14918.715209935704
1760,211,15109.48375300756
1761,8603,14497.647416785869
1762,13552,14354.579171157035
1763,8642,13731.043617125892
1764,8635,13702.379115749485
1765,3489,11615.783916016648
1766,2491,11999.896048022361
1767,16601,12610.635284916178
1768,5682,9251.416057476003
1769,9116,12494.081502309651
1770,2131,10156.78925374875
1771,8877,15553.598749893397
1772,3788,13748.312174042992
1773,1920,13186.11057526838
1774,2049,16538.857816752992
1775,14548,12399.600049516142
1776,3008,14490.634329983703
1777,17808,15512.031592297702
1778,6887,15319.180811188766
1779,17298,13387.45698736154
1780,17119,13663.323193698598
1781,16617,10141.678258034255
1782,14983,13391.578590883422
1783,1655,11518.163477219336
1784,13491,15475.27252347258
1785,8704,13613.781930201541
1786,1423,11843.710257346655
1787,13722,15694.927943330738
1788,8919,14993.35817922256
1789,6304,12230.340850695327
1790,2578,15103.331329086868
1791,10155,15312.849865702563
1792,10075,15026.747051562037
1793,14280,11694.763426563019
1794,17072,16936.284404369813
1795,12623,12274.629286812313
1796,15259,16130.278520141641
1797,2571,13505.627877607316
1798,353,12413.623137559029
1799,9188,11255.761599182035
1800,17821,14845.13940695938
1801,16847,12673.715611423846
1802,641,13248.891977452804
1803,15658,9147.512086221031
1804,2392,11446.497592456319
1805,15311,14613.301071429785
1806,14893,12012.581918838492
1807,1668,14033.113060704462
1808,18015,11596.244328328845
1809,16543,14750.555119102879
1810,17088,13351.667799382136
1811,16358,15186.210944731924
1812,15845,12854.889121614993
1813,10564,15896.316924202198
1814,1152,15680.15183843489
1815,17247,15116.877981640107
1816,15842,12534.830673732096
1817,2920,11144.689266385278
1818,6284,15914.395986252042
1819,16146,11200.04978707021
1820,7419,13794.206142922369
1821,6799,13891.634968746279
1822,13712,10886.673065095994
1823,7262,13623.914953176936
1824,1467,14119.873897001191
1825,12005,15695.717467190814
1826,11861,13328.366615261955
1827,4521,15864.258041160458
1828,4498,12803.769056228979
1829,13703,9558.982061500894
1830,11833,12237.854005773814
1831,3949,11587.578923935507
1832,5024,13591.57312612803
1833,7787,15801.203487874998
1834,11716,15360.879056184014
1835,6911,15795.450568154905
1836,7401,16328.52710039608
1837,7961,15347.085470161357
1838,13937,15676.773308293312
1839,12236,14662.914137445317
1840,15799,16367.298499811062
1841,12526,14029.59473483784
1842,9542,13181.960284975052
1843,11839,10241.506646143389
1844,15536,11639.832036362757
1845,8641,11385.881775956703
1846,7918,15447.129128103348
1847,8476,15377.2179617441
1848,16313,14831.715475791512
1849,13065,15160.994991521176
1850,5950,13122.724950775562
1851,10154,15528.819238946016
1852,14846,17919.744859366387
1853,16921,12392.164784170396
1854,11778,14243.663430956149
1855,10222,12460.58149168687
1856,12937,13641.582482910628
1857,15775,14464.571185010587
1858,2899,18982.200730273777
1859,7841,14264.457469552202
1860,8361,12270.041282719409
1861,10632,19219.819240053475
1862,7350,12719.446137709776
1863,16902,12696.60450189808
1864,1531,16270.178744966266
1865,5192,14544.846410245736
1866,7620,13225.508759184799
1867,11871,14246.78505533695
1868,14210,12729.583527123643
1869,8314,14221.223097467751
1870,15563,12574.60678296852
1871,16249,10401.828186759638
1872,2158,7257.123423413359
1873,10417,14141.05495939318
1874,14652,9258.429756956903
1875,5789,14875.987578394182
1876,13872,12800.735079205391
1877,2670,12250.890196593697
1878,8370,15370.311174234332
1879,16611,15317.161246125383
1880,10372,17412.586110996446
1881,9251,15169.831884939034
1882,9213,15661.050137677827
1883,2496,12136.955664943307
1884,666,17509.110841713788
1885,5829,18700.087003012362
1886,12532,15066.057079540537
1887,5926,12134.819890471437
1888,2338,15729.644165354664
1889,7091,13228.655118196853
1890,4267,13606.29669168347
1891,8677,12618.468900962514
1892,14010,13276.162306371072
1893,10460,13570.47799689765
1894,13018,12677.3929357718
1895,8863,14372.884444467389
1896,16545,14424.702455554667
1897,11679,14611.711838778181
1898,9370,15528.713830523484
1899,7919,13720.62056999866
1900,5892,13608.650187847321
1901,11236,14021.221880941172
1902,6093,12619.754784819583
1903,3019,13632.125213838284
1904,10130,14815.76220550976
1905,14289,12478.155405130921
1906,14594,13019.897219546081
1907,9587,13535.825892869616
1908,1544,17231.539567169035
1909,12921,13882.804581871227
1910,4437,13964.313499574928
1911,16508,9643.964374639458
1912,7292,16173.523079798048
1913,3928,15828.362385664645
1914,17550,12288.534343463412
1915,13818,13065.068337970166
1916,4368,13514.986936862872
1917,16310,14029.371533472324
1918,13611,14261.980627512632
1919,11151,16452.301257444415
1920,3191,14631.056890969776
1921,1002,10610.548939058877
1922,14600,15311.88775472308
1923,6191,14999.840313352615
1924,15859,12290.907459980852
1925,1885,12735.698077803027
1926,4803,13781.190627882752
1927,8298,13751.073895772919
1928,12668,17607.62536021987
1929,17505,14858.271843799288
1930,10268,16040.843147701496
1931,6021,15809.837531802244
1932,4828,15621.806915000634
1933,2507,12797.169634883176
1934,17409,12078.998941846308
1935,17705,13757.287641001109
1936,12097,12422.593281895286
1937,1751,14294.199605954913
1938,154,15746.703252693798
1939,8066,9222.150560341732
1940,193,15344.685642003838
1941,5134,10512.84374040489
1942,916,15023.466561973502
1943,16596,14026.212517869848
1944,9911,13487.9825447857
1945,14823,13191.536518660709
1946,13416,14218.90854254541
1947,13595,17064.06202560164
1948,7136,9224.724675633552
1949,16555,13297.821612336396
1950,16910,15322.925277084549
1951,11723,14199.468947852612
1952,10322,15170.099299938898
1953,11197,14985.654308170619
1954,12296,13333.784481082446
1955,15575,14651.73262613175
1956,2071,14763.435695676599
1957,2679,13022.377500950097
1958,40,12243.801071747454
1959,12150,15514.347888248827
1960,7801,8155.399584216997
1961,1665,16542.493466889893
1962,5756,13790.777809215186
1963,14262,10286.246129590872
1964,17129,12072.765676721916
1965,12349,14937.92292745602
1966,5330,14060.18247728188
1967,15103,15435.822359004043
1968,15340,13186.205247631005
1969,1083,8101.589045525718
1970,6444,15467.599305311349
1971,16524,13338.578640511201
1972,13335,13330.220117477744
1973,15329,12789.893766349269
1974,6482,13735.032467210272
1975,4810,11645.719351677457
1976,2770,15091.305215414657
1977,8228,13007.44221805119
1978,12365,13570.393764903987
1979,6666,14882.73567530037
1980,2224,9761.505614874899
1981,3126,15429.455740528327
1982,2892,14295.850615167656
1983,8510,13866.667603386537
1984,15303,13527.188070563832
1985,15603,15707.999601330986
1986,12769,8751.616619459179
1987,15344,16655.882987253528
1988,6915,15290.028320423473
1989,407,11527.142948699897
1990,2193,13128.02054119129
1991,15659,19192.65664567487
1992,10899,15433.991354487196
1993,436,15554.617419328104
1994,6420,12544.113057472408
1995,16122,14122.981831852027
1996,1805,11959.923574390123
1997,14363,14525.064081670163
1998,2123,14610.054818493387
1999,9951,14852.99226654174
2000,3166,12886.368610466918
2001,7375,11152.304445147674
2002,14031,17264.12788988714
2003,12346,13843.12360318737
2004,15748,12416.460240930348
2005,17570,14136.645524249441
2006,6815,14494.578819996896
2007,13090,10062.142006437236
2008,1537,20102.413161425706
2009,15643,17398.10858881066
2010,984,13232.07805930893
2011,1995,15083.710944906547
2012,15391,15374.917391694442
2013,6805,13714.040184146797
2014,11082,15251.656075612336
2015,5150,12966.804945100012
2016,4087,13767.142524325085
2017,6540,15510.90938340014
2018,16307,15808.839487915728
2019,9390,12596.302734295226
2020,14881,14425.026492874822
2021,16121,14401.89094881306
2022,16741,15466.697746976526
2023,11333,14337.97654806805
2024,11600,15431.97541029255
2025,1809,14316.76549517164
2026,12595,15159.1993463635
2027,254,12172.117859469436
2028,8561,13501.772001190388
2029,1144,12836.710631963462
2030,9257,8864.707773330694
2031,1794,13160.883648387244
2032,8950,11455.190536316019
2033,5562,11041.700542641905
2034,5694,15689.493597187233
2035,17435,14611.423688013587
2036,1128,13924.819084815783
2037,11338,14202.318267661016
2038,16770,15551.991332118327
2039,9309,13865.176735102286
2040,6753,14089.871758585345
2041,9961,13312.920852025694
2042,14118,14472.988424529336
2043,11011,13174.37711445424
2044,15081,13535.417407657922
2045,15610,15680.05967493102
2046,9935,11529.825058931077
2047,13116,15514.428144467995
2048,6944,14311.55045545612
2049,15094,12514.658722281325
2050,17562,15312.736008522217
2051,3038,16441.468159161042
2052,9046,11839.596860697813
2053,4987,13250.671180532823
2054,795,19784.336850028514
2055,4241,12612.634302502367
2056,9182,14859.341654608797
2057,9838,14312.09106671896
2058,17069,15282.168071033753
2059,2178,12541.064897713266
2060,9617,13889.412616371701
2061,5746,7339.430264280687
2062,3484,11082.824386871143
2063,8910,12601.076791614672
2064,1627,13482.36121559958
2065,6149,12824.566399460891
2066,11572,15838.182207520309
2067,11109,13160.786325143024
2068,2827,14041.575763764675
2069,5816,12177.430720877834
2070,13455,14903.939388762781
2071,8157,13559.866053304766
2072,17110,13994.548181038554
2073,12339,15230.396651128234
2074,8360,13908.190405537622
2075,15918,10600.25510025998
2076,274,15086.254850745143
2077,13447,15124.80917756485
2078,13967,12757.979421397453
2079,17295,13532.790622506058
2080,13696,15583.687547452777
2081,8601,14688.467328327752
2082,388,13879.18157183085
2083,7455,16972.235166944098
2084,13664,15276.754492911161
2085,224,11923.196466932684
2086,2465,14354.652697511876
2087,8326,15465.632369902727
2088,16409,13025.632510638825
2089,4692,13969.709952779624
2090,659,12568.934725359024
2091,1986,13621.392448214028
2092,15212,11044.390838944411
2093,16557,13850.14064354451
2094,10865,9008.490002482227
2095,1996,14769.54334950095
2096,3433,12308.352009794195
2097,16269,11767.800393072655
2098,7424,15525.524622237717
2099,16964,12193.272272493414
2100,15149,11863.722679644736
2101,11882,13151.07993567265
2102,7185,15260.951502501382
2103,17217,14993.707200787103
2104,8573,13158.074189493695
2105,5772,16112.213862322678
2106,2311,14548.416764020221
2107,7863,15868.415556684093
2108,8764,14111.477345889449
2109,5169,12975.198266096631
2110,7059,13198.915195468537
2111,3661,15298.83420475971
2112,4013,12783.254565770127
2113,6376,12207.44574712745
2114,15059,12317.77714701758
2115,12424,11805.378154477934
2116,8771,13478.022755957863
2117,5434,12466.434007435615
2118,2152,15607.760536748567
2119,2516,13354.8238620286
2120,9244,13128.729310317343
2121,6280,12994.267874174358
2122,5929,15428.292597210922
2123,16767,17757.835443197895
2124,15154,14110.980802470222
2125,16052,10943.492593173723
2126,3164,12987.596406543846
2127,16284,14228.28636053078
2128,12360,15570.814961550961
2129,15301,13010.259557890546
2130,15069,9487.510167649074
2131,8614,14371.95744793088
2132,7629,10719.08289596223
2133,57,13202.750227757511
2134,3080,10766.79938068836
2135,3233,16736.435661546057
2136,17398,13806.903254758392
2137,2014,9199.762853287248
2138,14546,14719.897985308999
2139,13801,14860.044179002216
2140,10894,15605.223423347124
2141,13217,11912.184359283638
2142,7800,9560.972181083169
2143,6475,14736.213517086187
2144,15875,13715.253196280115
2145,14194,11579.43360998953
2146,4593,13149.41048097919
2147,9597,12100.276755243685
2148,9220,13111.285376024418
2149,15984,19732.5756590252
2150,2703,12311.481892957774
2151,158,10611.267105542604
2152,15988,18358.084962991372
2153,8442,12550.390845524846
2154,11654,13878.903642623685
2155,15547,15883.936833294312
2156,2295,14565.951394364514
2157,10045,11477.71252588011
2158,13007,12922.74186268977
2159,14817,15676.338569403611
2160,17792,14457.445681669793
2161,2889,14508.748489564721
2162,14015,15281.322876432198
2163,9424,16276.896495472683
2164,2950,15381.150836401677
2165,11110,12491.61920977087
2166,15324,14060.008062123161
2167,8231,16179.920579077792
2168,12338,14207.498674298156
2169,17493,13624.094771189193
2170,9738,14552.002073182346
2171,5469,12112.074613098273
2172,10555,13416.997495381176
2173,7359,14813.289316418915
2174,3213,15954.6307289705
2175,2743,9349.890059832047
2176,10722,15603.206189833567
2177,14876,15059.376711375691
2178,12611,15197.972979819693
2179,16504,15904.30160212508
2180,17237,13180.470133285926
2181,4142,10785.93190137943
2182,2924,13701.13819726494
2183,10797,14839.22997655203
2184,3403,12948.50121246594
2185,11128,14765.776792485893
2186,14150,15597.290234381071
2187,1515,17991.87440974501
2188,3998,16677.34124872755
2189,13521,13145.347355618345
2190,4629,13159.161746871396
2191,12039,16278.545105166952
2192,6586,14656.0277515474
2193,12291,13776.52279903974
2194,11900,11907.390384882703
2195,693,11195.810391557941
2196,17242,12304.321022817516
2197,71,18796.495190795846
2198,4966,14487.623186792713
2199,5176,13842.101818917072
2200,13261,6495.888548789386
2201,14367,12906.10990485824
2202,12567,15138.099017480432
2203,17263,12354.510089159841
2204,10535,13911.899900867138
2205,13819,15138.932207495149
2206,8151,11269.736289373337
2207,7167,14465.314738889749
2208,3629,15247.49045375074
2209,8185,12678.874267093663
2210,17847,15486.187154047147
2211,14072,13449.79139971103
2212,8467,15192.049164407697
2213,5250,13490.319847237566
2214,11761,15327.678835362516
2215,15852,13042.12291369676
2216,11790,15715.387078093103
2217,17913,13671.340339848597
2218,9620,12936.726682349545
2219,16424,13324.322125262173
2220,4057,12376.97162090987
2221,534,7957.793766169765
2222,5692,13766.427660442278
2223,16311,14430.555768048638
2224,7920,14401.729423741403
2225,6040,12833.91209941858
2226,5362,15786.59612703399
2227,4184,16116.158053567473
2228,7326,13022.153505985654
2229,11981,14571.589862120294
2230,8318,13117.839875027828
2231,3794,13761.156242286874
2232,17816,15549.364099197264
2233,13148,20828.579709432248
2234,1295,14069.050481462386
2235,13067,11879.84582209088
2236,5438,14379.52379119437
2237,14984,12126.68097750355
2238,5130,15090.374892211548
2239,16161,15354.693057354802
2240,15067,14225.627190829371
2241,10191,16361.126789985254
2242,10843,12265.784544281894
2243,11889,13769.953782440658
2244,7953,10178.445378665681
2245,14660,13982.50458993968
2246,13403,13851.658355685388
2247,9177,13205.439821632011
2248,15795,14525.97507412378
2249,6626,13694.024200574058
2250,598,14214.760440701852
2251,3850,15098.05798151539
2252,16347,14501.880684214193
2253,18011,13035.067518871903
2254,2374,13090.02939896808
2255,11566,12968.596262302002
2256,8290,13031.3808770014
2257,7551,15465.704217800041
2258,9658,15256.820113046895
2259,12562,14847.81965310339
2260,6271,15545.637994732533
2261,8237,15923.625536893931
2262,5576,15593.810769933378
2263,261,15768.634415734108
2264,9978,15551.699583380978
2265,6163,12654.967721400651
2266,13971,14146.044020237896
2267,7407,14175.999916238798
2268,15869,12746.045055757684
2269,3568,13603.914788477021
2270,17390,12382.781416355356
2271,12602,16074.4371871482
2272,11957,13739.995748406174
2273,14997,14659.326221831885
2274,16925,14253.998201016933
2275,6648,15058.288954352189
2276,7906,19514.934619738517
2277,9954,15577.643577715586
2278,3224,14678.762244867568
2279,10815,14445.59841585638
2280,3672,16490.801441225252
2281,15299,14493.475309176967
2282,14934,14508.173669803815
2283,7312,16624.368676829676
2284,14351,13052.327143282004
2285,6968,11921.403752718048
2286,8332,13320.959396094913
2287,287,13395.062638013682
2288,15378,16204.71035906639
2289,11768,17145.4178310556
2290,4041,8238.498119193813
2291,16877,13396.021999260556
2292,12893,15256.527820918636
2293,17177,17927.24511326413
2294,8514,13958.749369392477
2295,5202,15289.384132692372
2296,15120,15832.016308568622
2297,12267,13641.537991374309
2298,7170,13713.527231082335
2299,9161,14580.22247416008
2300,4423,10431.978404834852
2301,3748,12262.192518979326
2302,12816,13097.962846177688
2303,14128,17334.408527771913
2304,17010,14016.618933858292
2305,6107,15132.907528865879
2306,9463,15353.01168145398
2307,13391,11609.038717138334
2308,12129,15173.870621830822
2309,2564,13417.910884263067
2310,5952,14891.832022437156
2311,6560,12370.54263168358
2312,6889,14184.893892017993
2313,6494,17225.45224706443
2314,10230,14643.63432155257
2315,11330,15298.546102594628
2316,14830,14166.913455105037
2317,12154,10855.146643595857
2318,4134,15090.557043600085
2319,490,15033.61627904496
2320,14512,14827.888829527074
2321,4089,13325.284270533622
2322,17633,15311.376435384242
2323,5054,14725.878867965861
2324,12084,12130.320670983245
2325,15740,9214.773359789528
2326,10756,14621.238633104673
2327,3734,14848.390695748356
2328,11857,10244.06653140123
2329,17919,7754.109021933356
2330,17873,10752.341082205457
2331,6208,12312.789577365387
2332,8818,13541.63366819467
2333,16108,13163.565926443625
2334,9135,14543.568863389737
2335,16386,13340.533602551091
2336,11065,7885.011056750416
2337,8496,15468.491584065894
2338,11349,15432.906133505967
2339,7686,14139.672101231467
2340,17978,16353.701139868412
2341,13830,15065.759050945853
2342,17734,13682.16222883745
2343,5807,12459.434178785014
2344,9123,15074.212653000955
2345,5475,15128.225464292482
2346,17277,9278.37864267356
2347,16415,14888.356275848986
2348,6738,11466.9285576814
2349,3591,16279.094557012475
2350,1023,13339.991781975128
2351,17921,12103.523581108122
2352,5867,14591.513160557297
2353,11638,12635.404737706282
2354,4904,14744.260411299707
2355,16196,15531.554643658252
2356,7991,14593.10623014308
2357,12687,14522.542704444306
2358,16169,11918.403604096078
2359,4071,14765.504920042498
2360,14453,13087.50800864189
2361,9507,12954.265055242533
2362,8969,15415.41156908471
2363,10331,12693.195988667707
2364,1472,15103.593063851411
2365,8152,14809.214283207155
2366,1097,14835.389503912244
2367,2215,13043.530235666447
2368,3010,15203.608469391416
2369,16425,13232.155094628019
2370,13740,13090.441565049347
2371,9487,15138.239433595372
2372,11822,12313.359378477195
2373,7736,13409.185852103765
2374,15593,10774.487542436647
2375,6543,8011.152591865131
2376,9828,16609.13347080385
2377,8965,14673.993754404917
2378,66,15294.110212557134
2379,8941,14112.169658760933
2380,12238,11619.331475776256
2381,8540,16978.166399750844
2382,10853,6251.035016465394
2383,5156,14651.98766561375
2384,10207,14644.951701172555
2385,1103,13637.4026252474
2386,2248,13372.85626797784
2387,1484,15687.574400099431
2388,1192,14632.958766716765
2389,2574,17236.50046599355
2390,2268,11514.358850794757
2391,3033,14904.046730728704
2392,5307,10669.506996005468
2393,15537,9372.629423006496
2394,12986,14653.930667976703
2395,4583,15193.085307998903
2396,14058,15421.783414200487
2397,4494,14985.323124121292
2398,8554,15353.111480552558
2399,10838,12874.499499167418
2400,17343,14520.135034498104
2401,11427,14750.927951631951
2402,3866,12366.13773276344
2403,225,12582.893232774892
2404,4669,15809.945520271489
2405,13476,17130.63349557128
2406,760,10544.25977439333
2407,10747,11689.404522612676
2408,3572,14493.32297240723
2409,16597,13376.759016528755
2410,10366,13216.33717892303
2411,9410,14331.911193097578
2412,11752,6722.731258544081
2413,4346,18757.923216277675
2414,15479,14245.386179931986
2415,11596,14912.886974480221
2416,16800,12065.99049114497
2417,13373,14081.084056409702
2418,16051,16260.113901969191
2419,7286,14462.175969264586
2420,182,15570.215904566372
2421,26,15779.454455516767
2422,2434,19216.61274600147
2423,4644,12593.576116957149
2424,2828,16936.53428560881
2425,6506,12906.686638789193
2426,1499,15465.712839547705
2427,8852,16742.588082143295
2428,7472,13960.442504031103
2429,5123,10580.857459614228
2430,4915,14593.83641458703
2431,9075,15105.954838040765
2432,138,15926.843641303538
2433,7823,15305.711191294162
2434,5763,13838.312123000127
2435,4036,15043.854796904052
2436,3983,13120.276608813874
2437,9751,15123.029678767823
2438,10819,15273.34605675764
2439,9062,12403.86508502753
2440,8158,13717.301936268312
2441,12963,14049.063811843836
2442,14558,15377.065644201823
2443,4628,13764.590337430258
2444,6339,14094.66188820616
2445,8562,14046.964856129009
2446,8878,13869.706913471106
2447,17214,13327.498743984688
2448,13150,13163.25371825161
2449,8128,15092.268756006204
2450,7688,13810.949061501873
2451,17559,15236.796797449424
2452,3064,13306.770033619556
2453,6528,12670.465081082119
2454,10215,14215.584115530859
2455,7351,17133.081796531493
2456,14190,14174.19646301042
2457,2218,11562.164048984632
2458,6108,7640.215692937578
2459,9592,11665.74398685868
2460,4858,14549.188461588186
2461,12817,12639.90225439446
2462,3328,11612.370818012248
2463,12139,13948.757485331982
2464,2035,13606.99556214179
2465,11360,14915.14587910533
2466,2276,13054.230502588864
2467,566,17214.984238027697
2468,5342,17342.410238959943
2469,7275,12987.192732685435
2470,7651,14242.071991591816
2471,5560,13272.465977240863
2472,2933,11577.93143909912
2473,9504,12739.513077676733
2474,12608,14339.4789840444
2475,17788,14398.553026032023
2476,1521,13768.294827358244
2477,11045,14125.864691070587
2478,11473,13314.780249023213
2479,13842,15327.062093916393
2480,12812,12653.619570761279
2481,3516,13261.650742013342
2482,10727,14540.284485141441
2483,10,14378.330805834703
2484,9525,12987.01692852276
2485,11359,8460.462899113045
2486,10687,12980.74566504349
2487,8216,13694.70511088254
2488,11471,12416.285473136246
2489,9579,11778.729615873104
2490,7387,18596.166894024136
2491,5814,13976.751127868367
2492,6766,9417.060673255983
2493,5208,14622.610238196925
2494,6489,13199.306062738528
2495,11154,13837.232484318243
2496,13134,16006.120585928948
2497,17870,15361.76465740765
2498,7886,13299.30688262268
2499,5119,15572.891992407036
2500,7241,15608.968444195998
2501,7995,16445.26456557894
2502,1856,16716.829953121633
2503,12603,13824.43131930611
2504,8456,16129.399549391252
2505,186,15096.986233205098
2506,5211,13531.037412042046
2507,5783,12811.323494452663
2508,16810,10016.09009940966
2509,11317,16586.365556106583
2510,10334,12630.085178652938
2511,12153,13673.186221469572
2512,3466,13025.298734317228
2513,13711,13936.004273027967
2514,8443,18625.11007445857
2515,8248,13325.774704015508
2516,3215,11944.326344292247
2517,16187,12441.283747797002
2518,12813,17366.617987552905
2519,5718,12929.572173737834
2520,6477,15910.917901217923
2521,7288,12067.24510553699
2522,10544,13808.917669440722
2523,8002,15149.342309997344
2524,11132,14327.221102427648
2525,17334,14491.956747397067
2526,6596,11592.443154269291
2527,1198,15708.102963322614
2528,8760,13633.14972223273
2529,11962,13930.582396616854
2530,16740,9555.128708679767
2531,6902,10268.905396608388
2532,1587,14495.04349055473
2533,17195,14770.98370669318
2534,4245,16332.469120157373
2535,14894,12552.758658602805
2536,10903,18835.070630082177
2537,4392,14959.129378719168
2538,9550,12769.034972829759
2539,12131,15031.174782760165
2540,14447,12417.6963795497
2541,2211,10848.231753037267
2542,8558,13217.569720283864
2543,12742,13960.935474674596
2544,3202,15551.735478991075
2545,5008,11950.186025155956
2546,11694,14548.829828645918
2547,4685,14726.72860442556
2548,12690,15231.349272630556
2549,1407,12954.519410247085
2550,7056,13109.815644442133
2551,12617,18718.204187341253
2552,10492,14325.010859586793
2553,12997,14275.472221210483
2554,17997,12767.811013119295
2555,8754,14731.360789147904
2556,891,13949.755610185806
2557,12328,8463.743752731403
2558,2144,14721.359580415112
2559,2239,12937.155865458204
2560,1096,12242.898670346403
2561,9237,13268.657098963216
2562,5397,12171.996820643675
2563,13770,4674.442818981901
2564,16551,15289.992330931796
2565,1116,17445.092198796934
2566,13851,15232.997278096533
2567,7330,14297.415942094143
2568,11630,13252.200341925694
2569,13980,12455.717117871405
2570,13526,12168.698888945495
2571,8327,10953.15152534905
2572,3956,13946.03590719687
2573,8536,11434.83495739603
2574,9180,13202.030443646727
2575,13795,19849.447658132995
2576,4345,14686.136049133012
2577,14977,14048.190203047488
2578,12083,13765.401541238403
2579,8827,17817.325521004124
2580,5998,15783.872670026482
2581,5993,10146.101980743799
2582,17062,12004.389302105104
2583,12395,16416.62533305229
2584,11490,13332.88385039856
2585,3076,14832.233391461865
2586,1766,16646.801018868864
2587,15713,14455.672146537676
2588,12693,13240.00225530495
2589,14648,12900.979925683816
2590,16495,14293.25194197429
2591,11673,18606.006578762506
2592,15205,14702.421740965423
2593,16204,16829.377352351206
2594,16837,14742.51359509684
2595,5544,10641.161587712166
2596,9481,13737.720512338637
2597,15363,13970.836277072842
2598,3100,13587.836514003633
2599,7127,13489.275088773022
2600,13256,13521.52659234454
2601,2650,13290.941567429953
2602,8844,14629.383140803868
2603,4861,11716.55062552607
2604,203,13764.93686144537
2605,4994,16826.67912693035
2606,11938,9752.142099257602
2607,2443,15246.307852108235
2608,17974,15452.400899098953
2609,8864,13049.897732831785
2610,767,11877.426711695749
2611,911,13502.16016031432
2612,8381,16735.606819270877
2613,17767,14593.733149373234
2614,12235,14776.995516698138
2615,6440,15886.290837614884
2616,580,12468.758200827899
2617,7287,12530.566170906983
2618,3181,6098.050121023349
2619,11021,13743.778381673561
2620,11032,14362.185602083788
2621,1944,14647.603685757553
2622,14060,14697.979025188717
2623,1303,12384.174015000492
2624,4973,14958.615351668006
2625,1216,12312.136251993375
2626,12504,13808.848327598069
2627,17395,13009.275459625453
2628,3409,15148.55799703108
2629,15805,17188.0224615475
2630,9333,14213.735118541314
2631,956,12360.741894210645
2632,800,14283.341025530186
2633,3932,16882.26327550193
2634,3250,16829.020612158958
2635,15710,15923.263398907831
2636,10121,13558.855703494468
2637,12335,11915.850148055499
2638,8101,8288.496020491628
2639,15111,16532.43028577167
2640,8772,13023.344240723876
2641,6955,13961.180723533835
2642,222,12492.216976118929
2643,4860,16650.023281802467
2644,13586,7980.464715993367
2645,14564,13830.970217203168
2646,13069,14011.478521206533
2647,12191,12032.080097895683
2648,11260,15411.039036078859
2649,2537,14885.585946719511
2650,14476,11729.357680022498
2651,13578,11114.606579670173
2652,6716,10887.880329147796
2653,9011,15087.549618429272
2654,17417,12607.52412613736
2655,12283,11234.912777441597
2656,9659,12612.943769471938
2657,2510,13161.344700163929
2658,748,13561.126539789984
2659,7044,20174.783279834723
2660,17275,11105.613502028456
2661,7152,13604.226140308965
2662,1463,15229.212580970358
2663,16427,13743.683627551363
2664,181,15338.451046079368
2665,13804,13113.288260375106
2666,15130,14038.950523582345
2667,13145,17693.80050598833
2668,919,10693.771124121195
2669,7799,15629.897012155678
2670,17216,14430.831961606877
2671,10608,14040.9259405341
2672,14760,15271.312911158515
2673,8274,16420.85221380429
2674,12007,14988.591990673973
2675,6728,14606.020100135196
2676,1283,13096.621242279565
2677,1337,14842.653515989135
2678,15600,15013.50430301427
2679,10668,13848.009553654498
2680,15272,15493.166029985106
2681,1399,11780.61970996765
2682,14050,12130.138611646384
2683,5809,18756.3979469591
2684,10646,6379.853683659778
2685,17418,14818.569579621282
2686,6518,18906.496016380246
2687,16086,15605.304439401778
2688,3240,9722.622150395982
2689,6296,8328.313326070347
2690,17131,18714.3798961993
2691,5367,13902.374699998312
2692,2959,6276.091313324316
2693,15956,14766.079569493362
2694,13444,16712.583982111668
2695,16015,14093.243308963254
2696,4231,15129.135635353261
2697,8966,19045.230784310465
2698,17794,12249.577270758615
2699,16134,14532.043483547415
2700,10342,14096.390097191193
2701,15890,15053.010759162877
2702,16591,16428.88803115909
2703,14370,14389.48500707034
2704,1300,14598.735725902312
2705,218,12376.792859501089
2706,1121,12334.65341142143
2707,9878,15327.062093916393
2708,5092,13243.30899653984
2709,13433,12679.512165482665
2710,8027,9311.868906754273
2711,12427,15213.048475418342
2712,14638,15044.662965374446
2713,13281,13903.479624340223
2714,4396,12196.91704402893
2715,7782,15388.353970619952
2716,12879,13880.877914004886
2717,14008,13663.567983914385
2718,9521,14017.530268582123
2719,2615,12869.806582677033
2720,2960,18938.304527460656
2721,476,14819.286683392711
2722,8399,14363.065584652242
2723,9195,15605.187740807407
2724,1686,13590.116343119735
2725,6954,15226.108184698707
2726,10321,7899.601560761061
2727,8208,12033.537096047992
2728,7325,10252.928914976801
2729,9926,14627.824917760212
2730,6156,14687.447427323437
2731,17267,14466.132890216584
2732,202,14572.055544736751
2733,16799,13060.519082853556
2734,1205,15539.916154981634
2735,6180,13484.956347234154
2736,3908,14371.316701986303
2737,9342,14451.630479902873
2738,873,12236.125214973843
2739,16923,15024.230924742878
2740,14931,14004.40955114238
2741,1246,13128.09784928085
2742,15331,17941.47692038103
2743,11505,12258.619061696532
2744,16699,15699.32695043004
2745,8730,12356.403259674698
2746,3026,15204.413669918387
2747,5502,14477.749721651504
2748,17118,14982.289126040152
2749,14832,13920.821954545958
2750,12587,17629.37156023724
2751,9801,14830.730374102932
2752,5230,13210.202815890138
2753,5842,14719.419226239595
2754,12716,12497.478287210863
2755,5725,8617.199679953803
2756,13419,12021.429162875706
2757,11216,13296.107084244664
2758,14159,16182.1628437396
2759,10508,15055.871353044335
2760,11787,18173.237458831572
2761,3698,12776.213748921917
2762,8437,15300.411919659935
2763,13679,11229.99802752478
2764,3211,14393.767686016348
2765,11155,10775.865492677258
2766,7343,14534.613544079024
2767,9138,10351.574122752107
2768,12413,19517.201356152756
2769,3874,15338.393511993563
2770,917,11717.805398914948
2771,2757,13985.51261188963
2772,13383,11851.214177153379
2773,14639,13975.971061114236
2774,16298,16878.559928155664
2775,11731,9798.377430766152
2776,6868,10301.809689760601
2777,16107,12479.790118073928
2778,8794,14028.289881787889
2779,2893,11558.169785299076
2780,11961,15150.12657618671
2781,3161,14779.509289555645
2782,11574,14774.711278042028
2783,411,14426.419950630589
2784,7498,10379.502436694514
2785,14521,12727.326538092952
2786,5869,11302.37135250523
2787,5466,11702.788519190537
2788,11431,12713.014631604296
2789,14613,14584.995354624349
2790,2908,17246.330139668993
2791,12473,15165.591854404818
2792,5269,15255.462394442933
2793,4638,14920.672090315362
2794,13054,16437.56219426605
2795,3520,11880.039896834569
2796,7132,15872.850509123018
2797,3613,16112.56031951266
2798,3720,12862.450627242099
2799,642,16676.444203109088
2800,7369,12069.783337749119
2801,12437,15212.763743301213
2802,10547,11545.755318328083
2803,4457,15575.502068406728
2804,125,13725.62524528992
2805,12499,15609.035429617317
2806,4729,14655.409366025371
2807,16815,14915.264171679388
2808,15073,13460.500291265154
2809,13357,16247.351567135309
2810,9918,14015.014112519726
2811,12148,14415.07421602642
2812,17249,14083.267805592433
2813,10616,14119.822680855694
2814,16965,13459.946826158644
2815,4015,14233.710099487987
2816,14189,15582.727981270931
2817,5456,17210.103033623906
2818,10624,12653.579007713692
2819,1425,13770.271466317601
2820,6202,16283.632536163801
2821,12382,14973.206146328841
2822,14986,13638.057115667063
2823,11130,15553.873149256106
2824,3724,12039.459428172966
2825,14427,8927.491234088753
2826,8115,12690.4867133136
2827,17460,15813.238906533617
2828,10435,15349.136160058624
2829,1332,10579.239307554497
2830,7695,14431.293572851413
2831,13573,14743.887689968775
2832,7280,13590.107228792273
2833,3978,10788.222220166877
2834,13757,12395.162593792164
2835,3827,12631.807719323522
2836,10791,14314.355350828075
2837,12168,13780.515252913072
2838,6069,15062.509339239637
2839,13520,14374.669967236667
2840,7537,13945.961189846552
2841,10609,14839.283100200992
2842,3351,14728.109186738351
2843,16213,15080.175374129758
2844,10768,15282.375558161744
2845,17425,15837.543690451159
2846,15810,14975.807936867699
2847,378,13169.650969510738
2848,7684,14398.407846327173
2849,7348,10442.934063809254
2850,12996,20183.39846553463
2851,5726,14618.207849595987
2852,2922,15684.459843144024
2853,11230,11936.081323640974
2854,9760,15587.644541079222
2855,251,8895.284394250615
2856,10857,12163.647769413263
2857,655,13486.1271099156
2858,1204,13490.82210195437
2859,4034,11769.432339521154
2860,4557,14743.24731005149
2861,13533,9775.469898061332
2862,10248,17089.14583567751
2863,7773,12541.825079283415
2864,6018,14645.949721271114
2865,16301,15304.993578737965
2866,16088,11946.605934879219
2867,8729,13863.740081207332
2868,10736,15351.15586967075
2869,8631,12165.541587185435
2870,11150,15860.834863541531
2871,2735,14596.511331671922
2872,6456,11118.881038612337
2873,7938,13655.729759236725
2874,10855,14379.16521202457
2875,9396,13315.111579902761
2876,8615,11732.718689577101
2877,4684,12464.932646691144
2878,14281,17793.75281896985
2879,2125,12525.96187543028
2880,548,13047.338097613756
2881,1934,17580.867763960676
2882,6230,15074.88770148893
2883,17735,12781.304319349627
2884,1237,12568.8045833535
2885,15789,15319.500452104825
2886,16407,15195.986519729791
2887,16150,11880.220720748592
2888,10978,13036.629838030713
2889,3702,14312.022522963132
2890,419,13215.20496397042
2891,2605,15087.445756773057
2892,506,12207.236382126415
2893,11353,13595.46536831693
2894,11798,12504.581129354192
2895,5997,16409.63501139886
2896,16511,15522.538768303988
2897,10873,13725.184130516267
2898,949,16035.818458393434
2899,17412,14507.623960932207
2900,13356,15828.334819063413
2901,3127,15816.454715917338
2902,3523,11341.824388803507
2903,14327,12277.62230497603
2904,16234,10761.299766044584
2905,9378,11806.792737227152
2906,281,12831.957717999307
2907,5305,14672.268228232104
2908,17073,9698.21166639922
2909,13531,13478.463275899354
2910,15283,14690.234561362915
2911,7101,13199.881342651875
2912,14199,12246.203330798322
2913,16167,13087.5446209629
2914,10057,15283.340527077613
2915,12848,10404.411039942148
2916,4362,14787.803655339652
2917,1133,15750.961541758574
2918,8744,10130.08901299852
2919,13027,8115.201451824818
2920,15555,13398.969963413241
2921,12675,13538.928874502351
2922,394,15482.062379038864
2923,13972,16115.514944779075
2924,3778,12950.668359234493
2925,1255,12778.921410805488
2926,3663,15114.800277771326
2927,17630,16178.499814839844
2928,2467,12121.3580934114
2929,8278,13974.986148371056
2930,12618,13770.14143821501
2931,1428,12361.535149527044
2932,9039,15250.403276770696
2933,8714,13629.72944843315
2934,9212,14995.001507828754
2935,12428,12452.098628737935
2936,15255,15526.534118644617
2937,6824,12838.722034290491
2938,147,11636.315161705832
2939,2112,14374.350237826977
2940,7740,14776.558803676715
2941,13921,17111.36948611212
2942,9562,11941.765488529258
2943,1085,13134.86382721072
2944,9205,14141.050262738907
2945,3586,15592.775392373514
2946,3475,9866.970082028172
2947,7303,15270.448275827206
2948,8823,14252.2801035484
2949,945,11507.495141410182
2950,13114,20142.771091689952
2951,5413,15096.272505165485
2952,1560,15599.03326249562
2953,6210,12554.21123141596
2954,61,14822.988805324305
2955,14361,17129.708355308103
2956,6481,15431.211120441498
2957,6424,13723.450539170255
2958,6850,12031.990060213633
2959,6059,11897.53795737354
2960,10047,13875.586413049372
2961,2405,12380.118628991971
2962,1932,15242.5538665208
2963,11569,15103.555679445883
2964,17124,12904.027817573282
2965,372,13798.64562447516
2966,14354,12467.837253561913
2967,14457,12853.369769754572
2968,15186,16661.174318929814
2969,1102,13351.892587961018
2970,11382,13297.179038528659
2971,14044,14271.605906483135
2972,11136,15559.013343247221
2973,6785,14803.08121612035
2974,615,17922.33578635678
2975,2931,13760.778413779015
2976,9993,15434.663081571678
2977,8946,11968.146159794225
2978,1379,16169.36924167024
2979,17039,14770.049806437499
2980,323,14436.970049053925
2981,9304,14688.59635752473
2982,16426,14643.276884168008
2983,3674,12365.875636057579
2984,16041,13850.680539010762
2985,15435,14918.731337915335
2986,12625,15124.135083989444
2987,14195,13421.00413756624
2988,10330,18246.142424929945
2989,14297,13665.983269486678
2990,9238,13373.438974449804
2991,10055,14961.001838184617
2992,3060,15141.951853356673
2993,10449,16308.53992404748
2994,7403,6815.935315133713
2995,14959,14876.126690550576
2996,10125,14193.375231990052
2997,9275,17526.3919031798
2998,1812,14444.917776121758
2999,3521,8218.70257014202
